message_id,category,received_at,sender_email,sender_domain,subject,body_preview,priority,confidence,status,created_at,parse_failed
<CAF0ahLGzDP0G03b55NHTKPc0NzmhBqFpcu_gBRK5cXZRRx+Wqw@mail.gmail.com>,LEAD,2026-05-20T05:19:34.874Z,tejashsr.23aid@kongu.edu,kongu.edu,Interested in AI workflow automation services,"Hi Grootan Team,

I came across your automation solutions while researching vendors for
internal workflow optimization. We’re a mid-sized healthcare operations
company currently struggling with manual invoice approvals and fragmented
reporting across departments.

We’re exploring partners who can help us streamline these processes using
AI-driven workflows and integrations with our existing systems. I’d like to
understand more about your experience with business process automation,
typical imple",HIGH,0.98,NEW,2026-05-20T05:19:35.993Z,FALSE
<CAF0ahLHeFCuYn-Me7gvtLDt3h1qJkj_c+HkKFM=asXPMJSV7aw@mail.gmail.com>,LEAD,2026-05-20T07:03:02.216Z,tejashsr.23aid@kongu.edu,kongu.edu,Interested in AI workflow automation services,"Hi Grootan Team,

I came across your automation solutions while researching vendors for
internal workflow optimization. We’re a mid-sized healthcare operations
company currently struggling with manual invoice approvals and fragmented
reporting across departments.

We’re exploring partners who can help us streamline these processes using
AI-driven workflows and integrations with our existing systems. I’d like to
understand more about your experience with business process automation,
typical imple",HIGH,0.98,NEW,2026-05-20T07:03:03.439Z,FALSE
<CAF0ahLHeFCuYn-Me7gvtLDt3h1qJkj_c+HkKFM=asXPMJSV7aw@mail.gmail.com>,LEAD,2026-05-20T07:03:47.878Z,tejashsr.23aid@kongu.edu,kongu.edu,Interested in AI workflow automation services,"Hi Grootan Team,

I came across your automation solutions while researching vendors for
internal workflow optimization. We’re a mid-sized healthcare operations
company currently struggling with manual invoice approvals and fragmented
reporting across departments.

We’re exploring partners who can help us streamline these processes using
AI-driven workflows and integrations with our existing systems. I’d like to
understand more about your experience with business process automation,
typical imple",HIGH,0.98,NEW,2026-05-20T07:03:48.730Z,FALSE
<CAM=k6T92Xc240Ds402FGN+qo+QWTSkwvxYVGgkpvc3Gzrcu4Kg@mail.gmail.com>,LEAD,2026-05-20T07:07:47.961Z,tejgames24@gmail.com,gmail.com,Interested in AI workflow automation services,"Hi Grootan Team,

I came across your automation solutions while researching vendors for
internal workflow optimization. We’re a mid-sized healthcare operations
company currently struggling with manual invoice approvals and fragmented
reporting across departments.

We’re exploring partners who can help us streamline these processes using
AI-driven workflows and integrations with our existing systems. I’d like to
understand more about your experience with business process automation,
typical imple",HIGH,0.98,NEW,2026-05-20T07:07:48.762Z,FALSE
<f17849be-826e-4e2b-aaa2-ad2c0f9089f5@ind1s01mta0341.xt.local>,SPAM,2026-05-20T16:29:56.705Z,no-reply@email.slackhq.com,email.slackhq.com,How to start a conversation in Slack,"Slack
 
 

 

 

 
 

 
 

 

 
https://click.email.slackhq.com/?qs=ABB7InYiOjEsImQiOjQ4ODJ9AAEAAAAAAG3asvIXXONhkkHNxKoOldaqRRnefWXyLHB_sUodfSm3OMUFvn51sgeaBwPnPG_7_NKw1O64odkPwLPdLAYSl2YzI9gVHIMGIk9Tjg 

 Start working in Slack today 

 If you've ever written an email, you can write a Slack message even more easily. In Slack, there are two types of messages: direct messages and channel messages. Here’s the difference:
 

 Direct messages are private conversations between you and one or a few co",,0.95,NEW,2026-05-20T16:29:58.041Z,FALSE
<480b4f6577fbace75bf931c643a6bf5af76f95aa-20397169-2043866901@google.com>,SUPPORT,2026-05-21T05:59:49.854Z,googleone-noreply@google.com,google.com,Changes to your Google AI Pro subscription,You have received this mandatory service announcement to update you about important changes to your Google AI Pro subscription.,,0.9,NEW,2026-05-21T05:59:51.822Z,FALSE